<?xml version="1.0" encoding="utf-8"?>

<instance xmlns="http://www.exelearning.org/content/v0.3" reference="2" version="0.3" xmlns:xsi="http://www.w3.org/2001/XMLSchema-instance" xsi:schemalocation="http://www.exelearning.org/content/v0.3 content.xsd" class="exe.engine.package.Package">
 <dictionary>
  <string role="key" value="_title"></string>
  <unicode value=""></unicode>
  <string role="key" value="idevices"></string>
  <list></list>
  <string role="key" value="_backgroundImg"></string>
  <unicode value=""></unicode>
  <string role="key" value="_contextMode"></string>
  <unicode value=""></unicode>
  <string role="key" value="_contextPlace"></string>
  <unicode value=""></unicode>
  <string role="key" value="_docType"></string>
  <unicode value="HTML5"></unicode>
  <string role="key" value="_intendedEndUserRoleGroup"></string>
  <bool value="0"></bool>
  <string role="key" value="_intendedEndUserRoleTutor"></string>
  <bool value="0"></bool>
  <string role="key" value="_intendedEndUserRoleType"></string>
  <unicode value=""></unicode>
  <string role="key" value="_isChanged"></string>
  <bool value="1"></bool>
  <string role="key" value="_lang"></string>
  <unicode value="es"></unicode>
  <string role="key" value="_learningResourceType"></string>
  <unicode value=""></unicode>
  <string role="key" value="_levelNames"></string>
  <list>
   <unicode value="Topic"></unicode>
   <unicode value="Section"></unicode>
   <unicode value="Unit"></unicode>
  </list>
  <string role="key" value="_name"></string>
  <unicode value="newPackage"></unicode>
  <string role="key" value="_nextIdeviceId"></string>
  <int value="1"></int>
  <string role="key" value="_nextNodeId"></string>
  <int value="1"></int>
  <string role="key" value="_nodeIdDict"></string>
  <dictionary>
   <unicode role="key" value="0"></unicode>
   <instance class="exe.engine.node.Node" reference="4">
    <dictionary>
     <string role="key" value="_title"></string>
     <unicode value="Inicio"></unicode>
     <string role="key" value="idevices"></string>
     <list>
      <instance class="exe.engine.genericidevice.GenericIdevice" reference="1">
       <dictionary>
        <string role="key" value="_title"></string>
        <unicode value="Actividades de Aprendizaje Cuerpo Humano"></unicode>
        <string role="key" value="_author"></string>
        <unicode value="University of Auckland"></unicode>
        <string role="key" value="_purpose"></string>
        <unicode value="An activity can be defined as a task or set of tasks a learner must
complete. Provide a clear statement of the task and consider any conditions
that may help or hinder the learner in the performance of the task."></unicode>
        <string role="key" value="_tip"></string>
        <unicode value=""></unicode>
        <string role="key" value="class_"></string>
        <unicode value="activity"></unicode>
        <string role="key" value="edit"></string>
        <bool value="0"></bool>
        <string role="key" value="emphasis"></string>
        <int value="1"></int>
        <string role="key" value="exe.engine.genericidevice.GenericIdevice.persistenceVersion"></string>
        <int value="11"></int>
        <string role="key" value="fields"></string>
        <list>
         <instance class="exe.engine.field.TextAreaField" reference="3">
          <dictionary>
           <string role="key" value="_id"></string>
           <unicode value="41_2"></unicode>
           <string role="key" value="_idevice"></string>
           <reference key="1"></reference>
           <string role="key" value="_instruc"></string>
           <unicode value="Describe the tasks the learners should complete."></unicode>
           <string role="key" value="_name"></string>
           <unicode value="Activity"></unicode>
           <string role="key" value="anchor_names"></string>
           <list></list>
           <string role="key" value="anchors_linked_from_fields"></string>
           <dictionary></dictionary>
           <string role="key" value="content_w_resourcePaths"></string>
           <unicode content="true" value="&lt;p style=&quot;text-align: center;&quot;&gt;&lt;span style=&quot;font-size: 24pt;&quot;&gt;&lt;strong&gt;La Alimentación&lt;/strong&gt;&lt;/span&gt;&lt;/p&gt;
&lt;p style=&quot;text-align: center;&quot;&gt;&lt;strong&gt;&lt;img src=&quot;resources/dibu01-2.png&quot; alt=&quot;Niños nutrición&quot; title=&quot;NiñosAlimentacion&quot; width=&quot;713&quot; height=&quot;406&quot; /&gt;&lt;/strong&gt;&lt;/p&gt;
&lt;p style=&quot;text-align: left;&quot;&gt;Para mantener una buena salud es necesario seguir una dieta sana y equilibrada.&lt;/p&gt;
&lt;ul style=&quot;list-style-type: circle;&quot;&gt;
&lt;li&gt;&lt;strong&gt;Alimentos Energéticos.- &lt;/strong&gt;contienen glúcidos y grasas. &lt;/li&gt;
&lt;li&gt;&lt;img src=&quot;resources/alimentos-ricos-en-glc3bacidos.png&quot; alt=&quot;Alimentos Energéticos&quot; title=&quot;Alimentos Energéticos&quot; width=&quot;624&quot; height=&quot;337&quot; style=&quot;display: block; margin-left: auto; margin-right: auto;&quot; /&gt;&lt;/li&gt;
&lt;li&gt;&lt;strong&gt;Alimentos Constructores.- &lt;/strong&gt;contienen proteínas, nos ayudan a crecer.&lt;/li&gt;
&lt;li&gt;&lt;img src=&quot;resources/dibujos-alimentos-constructores-4.jpg&quot; alt=&quot;Alimentos Constructores&quot; title=&quot;Alimentos Constructores&quot; width=&quot;180&quot; height=&quot;200&quot; style=&quot;display: block; margin-left: auto; margin-right: auto;&quot; /&gt;&lt;/li&gt;
&lt;li&gt;&lt;strong&gt;Alimentos Reguladores.- &lt;/strong&gt;contienen vitaminas y minerales, nos ayudan a protegernos de las enfermedades.&lt;/li&gt;
&lt;li&gt;&lt;img src=&quot;resources/12.png&quot; alt=&quot;Alimentos Reguladores&quot; title=&quot;Alimentos Reguladores&quot; width=&quot;724&quot; height=&quot;407&quot; style=&quot;display: block; margin-left: auto; margin-right: auto;&quot; /&gt;&lt;/li&gt;
&lt;/ul&gt;
&lt;h1 style=&quot;text-align: center;&quot;&gt;&lt;strong&gt;&lt;/strong&gt;&lt;/h1&gt;
&lt;h1 style=&quot;text-align: center;&quot;&gt;&lt;strong&gt;Hábitos de Higiene&lt;/strong&gt;&lt;/h1&gt;
&lt;p&gt;&lt;strong&gt;&lt;img src=&quot;resources/Habitos.png&quot; alt=&quot;Hábitos de higiene&quot; title=&quot;Hábitos de higiene&quot; width=&quot;606&quot; height=&quot;313&quot; style=&quot;display: block; margin-left: auto; margin-right: auto;&quot; /&gt;&lt;/strong&gt;&lt;/p&gt;
&lt;p&gt;&lt;strong&gt;&lt;/strong&gt;&lt;/p&gt;"></unicode>
           <string role="key" value="exe.engine.field.Field.persistenceVersion"></string>
           <int value="4"></int>
           <string role="key" value="exe.engine.field.FieldWithResources.persistenceVersion"></string>
           <int value="2"></int>
           <string role="key" value="exe.engine.field.TextAreaField.persistenceVersion"></string>
           <int value="3"></int>
           <string role="key" value="htmlTag"></string>
           <string value="div"></string>
           <string role="key" value="images"></string>
           <instance class="exe.engine.galleryidevice.GalleryImages">
            <dictionary>
             <string role="key" value=".listitems"></string>
             <list>
              <instance class="exe.engine.galleryidevice.GalleryImage">
               <dictionary>
                <string role="key" value="_caption"></string>
                <instance class="exe.engine.field.TextField">
                 <dictionary>
                  <string role="key" value="_id"></string>
                  <int value="155"></int>
                  <string role="key" value="_idevice"></string>
                  <none></none>
                  <string role="key" value="_instruc"></string>
                  <string value=""></string>
                  <string role="key" value="_name"></string>
                  <string value=""></string>
                  <string role="key" value="content"></string>
                  <string value=""></string>
                  <string role="key" value="exe.engine.field.Field.persistenceVersion"></string>
                  <int value="4"></int>
                 </dictionary>
                </instance>
                <string role="key" value="_id"></string>
                <unicode value="0_41_2.0"></unicode>
                <string role="key" value="_imageResource"></string>
                <instance class="exe.engine.resource.Resource" reference="5">
                 <dictionary>
                  <string role="key" value="_idevice"></string>
                  <reference key="1"></reference>
                  <string role="key" value="_package"></string>
                  <reference key="2"></reference>
                  <string role="key" value="_storageName"></string>
                  <string value="dibu01-2.png"></string>
                  <string role="key" value="_userName"></string>
                  <string value="c:\\users\\mausj\\appdata\\local\\temp\\tmptwctiw.eXe\\previews\\allyourbase\\dibu01-2.png"></string>
                  <string role="key" value="checksum"></string>
                  <string value="508fda44998ffbac7d83dcd84c0c7c64"></string>
                  <string role="key" value="exe.engine.resource.Resource.persistenceVersion"></string>
                  <int value="2"></int>
                  <string role="key" value="exe.engine.resource._Resource.persistenceVersion"></string>
                  <int value="2"></int>
                  <string role="key" value="warningMsg"></string>
                  <string value=""></string>
                 </dictionary>
                </instance>
                <string role="key" value="_parent"></string>
                <reference key="3"></reference>
                <string role="key" value="_thumbnailResource"></string>
                <none></none>
                <string role="key" value="exe.engine.galleryidevice.GalleryImage.persistenceVersion"></string>
                <int value="3"></int>
                <string role="key" value="makeThumbnail"></string>
                <bool value="0"></bool>
               </dictionary>
              </instance>
              <instance class="exe.engine.galleryidevice.GalleryImage">
               <dictionary>
                <string role="key" value="_caption"></string>
                <instance class="exe.engine.field.TextField">
                 <dictionary>
                  <string role="key" value="_id"></string>
                  <int value="156"></int>
                  <string role="key" value="_idevice"></string>
                  <none></none>
                  <string role="key" value="_instruc"></string>
                  <string value=""></string>
                  <string role="key" value="_name"></string>
                  <string value=""></string>
                  <string role="key" value="content"></string>
                  <string value=""></string>
                  <string role="key" value="exe.engine.field.Field.persistenceVersion"></string>
                  <int value="4"></int>
                 </dictionary>
                </instance>
                <string role="key" value="_id"></string>
                <unicode value="0_41_2.1"></unicode>
                <string role="key" value="_imageResource"></string>
                <instance class="exe.engine.resource.Resource" reference="6">
                 <dictionary>
                  <string role="key" value="_idevice"></string>
                  <reference key="1"></reference>
                  <string role="key" value="_package"></string>
                  <reference key="2"></reference>
                  <string role="key" value="_storageName"></string>
                  <string value="alimentos-ricos-en-glc3bacidos.png"></string>
                  <string role="key" value="_userName"></string>
                  <string value="c:\\users\\mausj\\appdata\\local\\temp\\tmptwctiw.eXe\\previews\\allyourbase\\alimentos-ricos-en-glc3bacidos.png"></string>
                  <string role="key" value="checksum"></string>
                  <string value="6b672738be999c3ae1a9264ae3269980"></string>
                  <string role="key" value="exe.engine.resource.Resource.persistenceVersion"></string>
                  <int value="2"></int>
                  <string role="key" value="exe.engine.resource._Resource.persistenceVersion"></string>
                  <int value="2"></int>
                  <string role="key" value="warningMsg"></string>
                  <string value=""></string>
                 </dictionary>
                </instance>
                <string role="key" value="_parent"></string>
                <reference key="3"></reference>
                <string role="key" value="_thumbnailResource"></string>
                <none></none>
                <string role="key" value="exe.engine.galleryidevice.GalleryImage.persistenceVersion"></string>
                <int value="3"></int>
                <string role="key" value="makeThumbnail"></string>
                <bool value="0"></bool>
               </dictionary>
              </instance>
              <instance class="exe.engine.galleryidevice.GalleryImage">
               <dictionary>
                <string role="key" value="_caption"></string>
                <instance class="exe.engine.field.TextField">
                 <dictionary>
                  <string role="key" value="_id"></string>
                  <int value="157"></int>
                  <string role="key" value="_idevice"></string>
                  <none></none>
                  <string role="key" value="_instruc"></string>
                  <string value=""></string>
                  <string role="key" value="_name"></string>
                  <string value=""></string>
                  <string role="key" value="content"></string>
                  <string value=""></string>
                  <string role="key" value="exe.engine.field.Field.persistenceVersion"></string>
                  <int value="4"></int>
                 </dictionary>
                </instance>
                <string role="key" value="_id"></string>
                <unicode value="0_41_2.2"></unicode>
                <string role="key" value="_imageResource"></string>
                <instance class="exe.engine.resource.Resource" reference="7">
                 <dictionary>
                  <string role="key" value="_idevice"></string>
                  <reference key="1"></reference>
                  <string role="key" value="_package"></string>
                  <reference key="2"></reference>
                  <string role="key" value="_storageName"></string>
                  <string value="dibujos-alimentos-constructores-4.jpg"></string>
                  <string role="key" value="_userName"></string>
                  <string value="c:\\users\\mausj\\appdata\\local\\temp\\tmptwctiw.eXe\\previews\\allyourbase\\dibujos-alimentos-constructores-4.jpg"></string>
                  <string role="key" value="checksum"></string>
                  <string value="208d0931141a7d86eebdb6df5a49c0d5"></string>
                  <string role="key" value="exe.engine.resource.Resource.persistenceVersion"></string>
                  <int value="2"></int>
                  <string role="key" value="exe.engine.resource._Resource.persistenceVersion"></string>
                  <int value="2"></int>
                  <string role="key" value="warningMsg"></string>
                  <string value=""></string>
                 </dictionary>
                </instance>
                <string role="key" value="_parent"></string>
                <reference key="3"></reference>
                <string role="key" value="_thumbnailResource"></string>
                <none></none>
                <string role="key" value="exe.engine.galleryidevice.GalleryImage.persistenceVersion"></string>
                <int value="3"></int>
                <string role="key" value="makeThumbnail"></string>
                <bool value="0"></bool>
               </dictionary>
              </instance>
              <instance class="exe.engine.galleryidevice.GalleryImage">
               <dictionary>
                <string role="key" value="_caption"></string>
                <instance class="exe.engine.field.TextField">
                 <dictionary>
                  <string role="key" value="_id"></string>
                  <int value="158"></int>
                  <string role="key" value="_idevice"></string>
                  <none></none>
                  <string role="key" value="_instruc"></string>
                  <string value=""></string>
                  <string role="key" value="_name"></string>
                  <string value=""></string>
                  <string role="key" value="content"></string>
                  <string value=""></string>
                  <string role="key" value="exe.engine.field.Field.persistenceVersion"></string>
                  <int value="4"></int>
                 </dictionary>
                </instance>
                <string role="key" value="_id"></string>
                <unicode value="0_41_2.3"></unicode>
                <string role="key" value="_imageResource"></string>
                <instance class="exe.engine.resource.Resource" reference="8">
                 <dictionary>
                  <string role="key" value="_idevice"></string>
                  <reference key="1"></reference>
                  <string role="key" value="_package"></string>
                  <reference key="2"></reference>
                  <string role="key" value="_storageName"></string>
                  <string value="12.png"></string>
                  <string role="key" value="_userName"></string>
                  <string value="c:\\users\\mausj\\appdata\\local\\temp\\tmptwctiw.eXe\\previews\\allyourbase\\12.png"></string>
                  <string role="key" value="checksum"></string>
                  <string value="32c3a16d911208ef2591544c3797c5d8"></string>
                  <string role="key" value="exe.engine.resource.Resource.persistenceVersion"></string>
                  <int value="2"></int>
                  <string role="key" value="exe.engine.resource._Resource.persistenceVersion"></string>
                  <int value="2"></int>
                  <string role="key" value="warningMsg"></string>
                  <string value=""></string>
                 </dictionary>
                </instance>
                <string role="key" value="_parent"></string>
                <reference key="3"></reference>
                <string role="key" value="_thumbnailResource"></string>
                <none></none>
                <string role="key" value="exe.engine.galleryidevice.GalleryImage.persistenceVersion"></string>
                <int value="3"></int>
                <string role="key" value="makeThumbnail"></string>
                <bool value="0"></bool>
               </dictionary>
              </instance>
              <instance class="exe.engine.galleryidevice.GalleryImage">
               <dictionary>
                <string role="key" value="_caption"></string>
                <instance class="exe.engine.field.TextField">
                 <dictionary>
                  <string role="key" value="_id"></string>
                  <int value="159"></int>
                  <string role="key" value="_idevice"></string>
                  <none></none>
                  <string role="key" value="_instruc"></string>
                  <string value=""></string>
                  <string role="key" value="_name"></string>
                  <string value=""></string>
                  <string role="key" value="content"></string>
                  <string value=""></string>
                  <string role="key" value="exe.engine.field.Field.persistenceVersion"></string>
                  <int value="4"></int>
                 </dictionary>
                </instance>
                <string role="key" value="_id"></string>
                <unicode value="0_41_2.4"></unicode>
                <string role="key" value="_imageResource"></string>
                <instance class="exe.engine.resource.Resource" reference="9">
                 <dictionary>
                  <string role="key" value="_idevice"></string>
                  <reference key="1"></reference>
                  <string role="key" value="_package"></string>
                  <reference key="2"></reference>
                  <string role="key" value="_storageName"></string>
                  <string value="Habitos.png"></string>
                  <string role="key" value="_userName"></string>
                  <string value="c:\\users\\mausj\\appdata\\local\\temp\\tmptwctiw.eXe\\previews\\allyourbase\\Habitos.png"></string>
                  <string role="key" value="checksum"></string>
                  <string value="a19e2e2761d51794cd384527b395feb0"></string>
                  <string role="key" value="exe.engine.resource.Resource.persistenceVersion"></string>
                  <int value="2"></int>
                  <string role="key" value="exe.engine.resource._Resource.persistenceVersion"></string>
                  <int value="2"></int>
                  <string role="key" value="warningMsg"></string>
                  <string value=""></string>
                 </dictionary>
                </instance>
                <string role="key" value="_parent"></string>
                <reference key="3"></reference>
                <string role="key" value="_thumbnailResource"></string>
                <none></none>
                <string role="key" value="exe.engine.galleryidevice.GalleryImage.persistenceVersion"></string>
                <int value="3"></int>
                <string role="key" value="makeThumbnail"></string>
                <bool value="0"></bool>
               </dictionary>
              </instance>
             </list>
             <string role="key" value="idevice"></string>
             <reference key="3"></reference>
            </dictionary>
           </instance>
           <string role="key" value="intlinks_to_anchors"></string>
           <dictionary></dictionary>
           <string role="key" value="nextImageId"></string>
           <int value="5"></int>
           <string role="key" value="parentNode"></string>
           <reference key="4"></reference>
          </dictionary>
         </instance>
        </list>
        <string role="key" value="icon"></string>
        <unicode value="activity"></unicode>
        <string role="key" value="id"></string>
        <unicode value="0"></unicode>
        <string role="key" value="lastIdevice"></string>
        <bool value="0"></bool>
        <string role="key" value="nextFieldId"></string>
        <int value="3"></int>
        <string role="key" value="originalicon"></string>
        <unicode value="activity"></unicode>
        <string role="key" value="parentNode"></string>
        <reference key="4"></reference>
        <string role="key" value="systemResources"></string>
        <list>
         <string value="common.js"></string>
        </list>
        <string role="key" value="undo"></string>
        <bool value="1"></bool>
        <string role="key" value="userResources"></string>
        <list>
         <reference key="5"></reference>
         <reference key="6"></reference>
         <reference key="7"></reference>
         <reference key="8"></reference>
         <reference key="9"></reference>
        </list>
        <string role="key" value="version"></string>
        <int value="0"></int>
       </dictionary>
      </instance>
     </list>
     <string role="key" value="_id"></string>
     <unicode value="0"></unicode>
     <string role="key" value="_package"></string>
     <reference key="2"></reference>
     <string role="key" value="exe.engine.node.Node.persistenceVersion"></string>
     <int value="2"></int>
     <string role="key" value="exportType"></string>
     <string value="website"></string>
     <string role="key" value="last_full_node_path"></string>
     <string value="exe-node:Inicio"></string>
     <string role="key" value="parent"></string>
     <none></none>
     <string role="key" value="children"></string>
     <list></list>
    </dictionary>
   </instance>
  </dictionary>
  <string role="key" value="_objectives"></string>
  <unicode value=""></unicode>
  <string role="key" value="_preknowledge"></string>
  <unicode value=""></unicode>
  <string role="key" value="backgroundImgTile"></string>
  <bool value="0"></bool>
  <string role="key" value="compatibleWithVersion9"></string>
  <bool value="0"></bool>
  <string role="key" value="currentNode"></string>
  <reference key="4"></reference>
  <string role="key" value="dublinCore"></string>
  <instance class="exe.engine.package.DublinCore">
   <dictionary>
    <string role="key" value="contributors"></string>
    <unicode value=""></unicode>
    <string role="key" value="coverage"></string>
    <unicode value=""></unicode>
    <string role="key" value="creator"></string>
    <unicode value=""></unicode>
    <string role="key" value="date"></string>
    <unicode value=""></unicode>
    <string role="key" value="description"></string>
    <unicode value=""></unicode>
    <string role="key" value="format"></string>
    <unicode value=""></unicode>
    <string role="key" value="identifier"></string>
    <unicode value="b9e6dc30-0adb-4afe-8e8b-bd0d7ee99e92"></unicode>
    <string role="key" value="language"></string>
    <unicode value=""></unicode>
    <string role="key" value="publisher"></string>
    <unicode value=""></unicode>
    <string role="key" value="relation"></string>
    <unicode value=""></unicode>
    <string role="key" value="rights"></string>
    <unicode value=""></unicode>
    <string role="key" value="source"></string>
    <unicode value=""></unicode>
    <string role="key" value="subject"></string>
    <unicode value=""></unicode>
    <string role="key" value="title"></string>
    <unicode value=""></unicode>
    <string role="key" value="type"></string>
    <unicode value=""></unicode>
   </dictionary>
  </instance>
  <string role="key" value="exe.engine.package.Package.persistenceVersion"></string>
  <int value="13"></int>
  <string role="key" value="exportMetadataType"></string>
  <string value="LOMES"></string>
  <string role="key" value="exportSource"></string>
  <bool value="1"></bool>
  <string role="key" value="footer"></string>
  <string value=""></string>
  <string role="key" value="isLoading"></string>
  <bool value="0"></bool>
  <string role="key" value="license"></string>
  <unicode value="creative commons: attribution - share alike 4.0"></unicode>
  <string role="key" value="lom"></string>
  <instance class="exe.engine.lom.lomsubs.lomSub">
   <dictionary>
    <string role="key" value="__index__"></string>
    <dictionary></dictionary>
    <string role="key" value="__oldchild__"></string>
    <none></none>
    <string role="key" value="annotation"></string>
    <list></list>
    <string role="key" value="classification"></string>
    <list></list>
    <string role="key" value="educational"></string>
    <list></list>
    <string role="key" value="general"></string>
    <instance class="exe.engine.lom.lomsubs.generalSub">
     <dictionary>
      <string role="key" value="aggregationLevel"></string>
      <instance class="exe.engine.lom.lomsubs.aggregationLevelSub">
       <dictionary>
        <string role="key" value="extensiontype_"></string>
        <none></none>
        <string role="key" value="source"></string>
        <instance class="exe.engine.lom.lomsubs.sourceValueSub">
         <dictionary>
          <string role="key" value="extensiontype_"></string>
          <none></none>
          <string role="key" value="string"></string>
          <list></list>
          <string role="key" value="uniqueElementName"></string>
          <string value="source"></string>
          <string role="key" value="valueOf_"></string>
          <string value="LOMv1.0"></string>
         </dictionary>
        </instance>
        <string role="key" value="uniqueElementName"></string>
        <string value="aggregationLevel"></string>
        <string role="key" value="value"></string>
        <instance class="exe.engine.lom.lomsubs.aggregationLevelValueSub">
         <dictionary>
          <string role="key" value="extensiontype_"></string>
          <none></none>
          <string role="key" value="source"></string>
          <none></none>
          <string role="key" value="uniqueElementName"></string>
          <string value="value"></string>
          <string role="key" value="value"></string>
          <none></none>
          <string role="key" value="valueOf_"></string>
          <string value="2"></string>
         </dictionary>
        </instance>
       </dictionary>
      </instance>
      <string role="key" value="coverage"></string>
      <list></list>
      <string role="key" value="description"></string>
      <list></list>
      <string role="key" value="identifier"></string>
      <list>
       <instance class="exe.engine.lom.lomsubs.identifierSub">
        <dictionary>
         <string role="key" value="catalog"></string>
         <instance class="exe.engine.lom.lomsubs.catalogSub">
          <dictionary>
           <string role="key" value="uniqueElementName"></string>
           <string value="catalog"></string>
           <string role="key" value="valueOf_"></string>
           <unicode value="Mi catálogo"></unicode>
          </dictionary>
         </instance>
         <string role="key" value="entry"></string>
         <instance class="exe.engine.lom.lomsubs.entrySub">
          <dictionary>
           <string role="key" value="uniqueElementName"></string>
           <string value="entry"></string>
           <string role="key" value="valueOf_"></string>
           <unicode value="b9e6dc30-0adb-4afe-8e8b-bd0d7ee99e92"></unicode>
          </dictionary>
         </instance>
        </dictionary>
       </instance>
      </list>
      <string role="key" value="keyword"></string>
      <list></list>
      <string role="key" value="language"></string>
      <list></list>
      <string role="key" value="structure"></string>
      <none></none>
      <string role="key" value="title"></string>
      <none></none>
      <string role="key" value="uniqueElementName"></string>
      <string value="general"></string>
     </dictionary>
    </instance>
    <string role="key" value="lifeCycle"></string>
    <none></none>
    <string role="key" value="metaMetadata"></string>
    <instance class="exe.engine.lom.lomsubs.metaMetadataSub">
     <dictionary>
      <string role="key" value="contribute"></string>
      <list></list>
      <string role="key" value="identifier"></string>
      <list></list>
      <string role="key" value="language"></string>
      <none></none>
      <string role="key" value="metadataSchema"></string>
      <list>
       <instance class="exe.engine.lom.lomsubs.metadataSchemaSub">
        <dictionary>
         <string role="key" value="valueOf_"></string>
         <string value="LOMv1.0"></string>
        </dictionary>
       </instance>
      </list>
      <string role="key" value="uniqueElementName"></string>
      <string value="metaMetadata"></string>
     </dictionary>
    </instance>
    <string role="key" value="relation"></string>
    <list></list>
    <string role="key" value="rights"></string>
    <none></none>
    <string role="key" value="technical"></string>
    <none></none>
   </dictionary>
  </instance>
  <string role="key" value="lomEs"></string>
  <instance class="exe.engine.lom.lomsubs.lomSub">
   <dictionary>
    <string role="key" value="__index__"></string>
    <dictionary></dictionary>
    <string role="key" value="__oldchild__"></string>
    <none></none>
    <string role="key" value="annotation"></string>
    <list></list>
    <string role="key" value="classification"></string>
    <list></list>
    <string role="key" value="educational"></string>
    <list></list>
    <string role="key" value="general"></string>
    <instance class="exe.engine.lom.lomsubs.generalSub">
     <dictionary>
      <string role="key" value="aggregationLevel"></string>
      <instance class="exe.engine.lom.lomsubs.aggregationLevelSub">
       <dictionary>
        <string role="key" value="extensiontype_"></string>
        <none></none>
        <string role="key" value="source"></string>
        <instance class="exe.engine.lom.lomsubs.sourceValueSub">
         <dictionary>
          <string role="key" value="extensiontype_"></string>
          <none></none>
          <string role="key" value="string"></string>
          <list></list>
          <string role="key" value="uniqueElementName"></string>
          <string value="source"></string>
          <string role="key" value="valueOf_"></string>
          <string value="LOM-ESv1.0"></string>
         </dictionary>
        </instance>
        <string role="key" value="uniqueElementName"></string>
        <string value="aggregationLevel"></string>
        <string role="key" value="value"></string>
        <instance class="exe.engine.lom.lomsubs.aggregationLevelValueSub">
         <dictionary>
          <string role="key" value="extensiontype_"></string>
          <none></none>
          <string role="key" value="source"></string>
          <none></none>
          <string role="key" value="uniqueElementName"></string>
          <string value="value"></string>
          <string role="key" value="value"></string>
          <none></none>
          <string role="key" value="valueOf_"></string>
          <string value="2"></string>
         </dictionary>
        </instance>
       </dictionary>
      </instance>
      <string role="key" value="coverage"></string>
      <list></list>
      <string role="key" value="description"></string>
      <list></list>
      <string role="key" value="identifier"></string>
      <list>
       <instance class="exe.engine.lom.lomsubs.identifierSub">
        <dictionary>
         <string role="key" value="catalog"></string>
         <instance class="exe.engine.lom.lomsubs.catalogSub">
          <dictionary>
           <string role="key" value="uniqueElementName"></string>
           <string value="catalog"></string>
           <string role="key" value="valueOf_"></string>
           <unicode value="Mi catálogo"></unicode>
          </dictionary>
         </instance>
         <string role="key" value="entry"></string>
         <instance class="exe.engine.lom.lomsubs.entrySub">
          <dictionary>
           <string role="key" value="uniqueElementName"></string>
           <string value="entry"></string>
           <string role="key" value="valueOf_"></string>
           <unicode value="b9e6dc30-0adb-4afe-8e8b-bd0d7ee99e92"></unicode>
          </dictionary>
         </instance>
        </dictionary>
       </instance>
      </list>
      <string role="key" value="keyword"></string>
      <list></list>
      <string role="key" value="language"></string>
      <list></list>
      <string role="key" value="structure"></string>
      <none></none>
      <string role="key" value="title"></string>
      <none></none>
      <string role="key" value="uniqueElementName"></string>
      <string value="general"></string>
     </dictionary>
    </instance>
    <string role="key" value="lifeCycle"></string>
    <none></none>
    <string role="key" value="metaMetadata"></string>
    <instance class="exe.engine.lom.lomsubs.metaMetadataSub">
     <dictionary>
      <string role="key" value="contribute"></string>
      <list></list>
      <string role="key" value="identifier"></string>
      <list></list>
      <string role="key" value="language"></string>
      <none></none>
      <string role="key" value="metadataSchema"></string>
      <list>
       <instance class="exe.engine.lom.lomsubs.metadataSchemaSub">
        <dictionary>
         <string role="key" value="valueOf_"></string>
         <string value="LOM-ESv1.0"></string>
        </dictionary>
       </instance>
      </list>
      <string role="key" value="uniqueElementName"></string>
      <string value="metaMetadata"></string>
     </dictionary>
    </instance>
    <string role="key" value="relation"></string>
    <list></list>
    <string role="key" value="rights"></string>
    <instance class="exe.engine.lom.lomsubs.rightsSub">
     <dictionary>
      <string role="key" value="access"></string>
      <instance class="exe.engine.lom.lomsubs.accessSub">
       <dictionary>
        <string role="key" value="accessType"></string>
        <instance class="exe.engine.lom.lomsubs.accessTypeSub">
         <dictionary>
          <string role="key" value="extensiontype_"></string>
          <none></none>
          <string role="key" value="source"></string>
          <instance class="exe.engine.lom.lomsubs.sourceValueSub">
           <dictionary>
            <string role="key" value="extensiontype_"></string>
            <none></none>
            <string role="key" value="string"></string>
            <list></list>
            <string role="key" value="uniqueElementName"></string>
            <string value="source"></string>
            <string role="key" value="valueOf_"></string>
            <string value="LOM-ESv1.0"></string>
           </dictionary>
          </instance>
          <string role="key" value="uniqueElementName"></string>
          <string value="accessType"></string>
          <string role="key" value="value"></string>
          <instance class="exe.engine.lom.lomsubs.accessTypeValueSub">
           <dictionary>
            <string role="key" value="extensiontype_"></string>
            <none></none>
            <string role="key" value="source"></string>
            <none></none>
            <string role="key" value="uniqueElementName"></string>
            <string value="value"></string>
            <string role="key" value="value"></string>
            <none></none>
            <string role="key" value="valueOf_"></string>
            <string value="universal"></string>
           </dictionary>
          </instance>
         </dictionary>
        </instance>
        <string role="key" value="description"></string>
        <instance class="exe.engine.lom.lomsubs.LanguageStringSub">
         <dictionary>
          <string role="key" value="extensiontype_"></string>
          <none></none>
          <string role="key" value="string"></string>
          <list>
           <instance class="exe.engine.lom.lomsubs.LangStringSub">
            <dictionary>
             <string role="key" value="language"></string>
             <string value="es"></string>
             <string role="key" value="valueOf_"></string>
             <unicode value="Preestablecido"></unicode>
            </dictionary>
           </instance>
          </list>
         </dictionary>
        </instance>
        <string role="key" value="uniqueElementName"></string>
        <string value="access"></string>
       </dictionary>
      </instance>
      <string role="key" value="copyrightAndOtherRestrictions"></string>
      <none></none>
      <string role="key" value="cost"></string>
      <none></none>
      <string role="key" value="description"></string>
      <none></none>
      <string role="key" value="uniqueElementName"></string>
      <string value="rights"></string>
     </dictionary>
    </instance>
    <string role="key" value="technical"></string>
    <none></none>
   </dictionary>
  </instance>
  <string role="key" value="mxmlforcemediaonly"></string>
  <bool value="0"></bool>
  <string role="key" value="mxmlheight"></string>
  <string value=""></string>
  <string role="key" value="mxmlprofilelist"></string>
  <string value=""></string>
  <string role="key" value="mxmlwidth"></string>
  <string value=""></string>
  <string role="key" value="resources"></string>
  <dictionary>
   <string role="key" value="208d0931141a7d86eebdb6df5a49c0d5"></string>
   <list>
    <reference key="7"></reference>
   </list>
   <string role="key" value="32c3a16d911208ef2591544c3797c5d8"></string>
   <list>
    <reference key="8"></reference>
   </list>
   <string role="key" value="508fda44998ffbac7d83dcd84c0c7c64"></string>
   <list>
    <reference key="5"></reference>
   </list>
   <string role="key" value="6b672738be999c3ae1a9264ae3269980"></string>
   <list>
    <reference key="6"></reference>
   </list>
   <string role="key" value="a19e2e2761d51794cd384527b395feb0"></string>
   <list>
    <reference key="9"></reference>
   </list>
  </dictionary>
  <string role="key" value="root"></string>
  <reference key="4"></reference>
  <string role="key" value="scolinks"></string>
  <bool value="0"></bool>
  <string role="key" value="scowsinglepage"></string>
  <bool value="0"></bool>
  <string role="key" value="scowwebsite"></string>
  <bool value="0"></bool>
  <string role="key" value="style"></string>
  <unicode value="INTEF"></unicode>
  <string role="key" value="sugaractivityname"></string>
  <string value=""></string>
  <string role="key" value="sugarservicename"></string>
  <string value=""></string>
 </dictionary>
</instance>